<?xml version="1.0" encoding="utf-8"?>
<odoo>
    <data noupdate="1">
        <record id="account_payment_method_check_in" model="account.payment.method">
            <field name="name">Check Followup</field>
            <field name="code">check_followup</field>
            <field name="payment_type">inbound</field>
        </record>
        
        <record id="account_payment_method_check_out" model="account.payment.method">
            <field name="name">Check Followup</field>
            <field name="code">check_followup</field>
            <field name="payment_type">outbound</field>
        </record>
    </data>
</odoo>